idade,sexo,cor_raca,anos_estudo,setor,regiao,rendimento_hora
56,M,Indigena,0,Servicos,Sudeste,16.990154295218773
46,F,Branca,19,Comercio,Norte,68.47629289285112
32,F,Branca,16,Industria,Sudeste,62.513127186609445
60,M,Amarela,11,Agricultura,Sul,48.315264609950106
25,M,Amarela,14,Industria,Sul,57.045896197672356
38,M,Parda,0,Servicos,Sudeste,32.091761568261575
56,M,Amarela,13,Industria,Sul,61.29241484730179
36,F,Parda,5,Servicos,Nordeste,22.47394894148357
40,F,Branca,4,Industria,Sudeste,28.330947037142337
28,M,Preta,10,Comercio,Nordeste,36.53020111488463
28,F,Indigena,3,Construcao,Nordeste,17.43380050154863
41,M,Branca,12,Comercio,Centro-Oeste,46.03830600622214
53,M,Amarela,10,Comercio,Sudeste,46.49412650437597
57,F,Indigena,2,Construcao,Sul,16.90918776815963
41,F,Preta,0,Construcao,Nordeste,12.15407191089086
20,F,Preta,5,Agricultura,Centro-Oeste,21.036354178916138
39,F,Parda,17,Agricultura,Sudeste,47.703307859986396
19,F,Indigena,9,Comercio,Sudeste,52.79783214700997
41,F,Parda,4,Comercio,Norte,30.652617925300028
61,F,Branca,9,Servicos,Norte,41.26219565045002
47,M,Indigena,11,Servicos,Nordeste,49.55291429844359
55,M,Branca,1,Agricultura,Norte,12.370073916094627
19,M,Parda,12,Agricultura,Nordeste,56.05433726686519
38,M,Indigena,7,Servicos,Sul,52.54373216863867
50,M,Parda,1,Servicos,Nordeste,22.740162369479147
29,F,Indigena,19,Industria,Norte,70.82118386511206
39,M,Parda,0,Industria,Sul,19.731720673603544
61,M,Preta,4,Servicos,Norte,23.499647366744416
42,M,Parda,8,Industria,Nordeste,34.969059786218054
44,M,Preta,16,Construcao,Centro-Oeste,60.87156780063174
59,M,Parda,8,Agricultura,Sudeste,41.752713687539334
45,M,Indigena,10,Agricultura,Norte,42.08808033538978
33,M,Indigena,14,Servicos,Nordeste,55.61160265494531
32,F,Indigena,5,Comercio,Sul,29.354729012807233
64,F,Amarela,2,Servicos,Norte,24.5935509429849
61,M,Branca,16,Industria,Norte,55.75636960162039
20,F,Indigena,4,Comercio,Sudeste,22.297903105232386
54,F,Preta,11,Industria,Nordeste,37.572494405800185
24,F,Indigena,17,Construcao,Centro-Oeste,64.3468932981172
38,F,Amarela,13,Industria,Sul,40.32611834895805
26,M,Preta,20,Construcao,Nordeste,76.04154205990156
56,F,Amarela,10,Construcao,Sul,55.038096383577056
35,F,Preta,8,Industria,Norte,32.78691647810427
21,F,Parda,1,Industria,Sudeste,5.0
42,M,Branca,11,Construcao,Sudeste,48.672136628196256
31,M,Branca,2,Comercio,Centro-Oeste,18.934895032267086
26,M,Amarela,2,Construcao,Sudeste,17.656410680426518
43,M,Branca,0,Agricultura,Norte,12.068689637150545
19,M,Amarela,7,Construcao,Centro-Oeste,41.0611711931801
37,M,Amarela,7,Comercio,Nordeste,38.02956297381044
45,M,Amarela,10,Agricultura,Sudeste,42.8526153137314
64,F,Branca,8,Servicos,Centro-Oeste,31.494404982427405
24,F,Amarela,4,Servicos,Norte,23.117896094341372
61,F,Branca,13,Comercio,Sul,54.43925932389737
25,M,Amarela,2,Construcao,Sul,25.577195124179898
64,M,Indigena,20,Industria,Norte,70.46809972459405
52,M,Amarela,4,Comercio,Norte,30.508997452171165
31,M,Preta,4,Agricultura,Sul,40.53092424036137
34,M,Amarela,18,Agricultura,Centro-Oeste,69.37300613466556
53,F,Parda,13,Servicos,Sul,57.471468956015364
57,F,Amarela,3,Agricultura,Norte,22.14109717368023
21,M,Preta,12,Comercio,Sudeste,48.97996119492076
19,M,Preta,9,Agricultura,Nordeste,44.56384547471286
23,M,Branca,17,Comercio,Sudeste,61.59611932429217
59,M,Indigena,7,Industria,Sudeste,41.9513362539999
21,F,Amarela,7,Servicos,Norte,33.42718741128651
46,M,Branca,6,Agricultura,Sul,33.3092948431308
35,M,Indigena,7,Comercio,Centro-Oeste,25.565206712695392
43,M,Amarela,13,Construcao,Sudeste,58.49784702170601
61,M,Parda,18,Servicos,Sul,74.3539761688677
51,F,Amarela,5,Industria,Centro-Oeste,31.12144281661942
27,M,Preta,0,Comercio,Sudeste,15.038398161365
53,M,Preta,14,Industria,Centro-Oeste,62.88492779287828
31,F,Parda,0,Industria,Sul,10.45935731272893
48,F,Branca,16,Agricultura,Nordeste,68.83224170410735
65,F,Indigena,0,Agricultura,Sul,9.31418094103043
32,M,Amarela,14,Comercio,Norte,55.64862038734134
25,M,Preta,1,Construcao,Centro-Oeste,18.652584095159742
31,F,Branca,13,Comercio,Nordeste,43.3466575923547
40,F,Parda,20,Construcao,Centro-Oeste,71.34636362716607
57,F,Preta,7,Industria,Centro-Oeste,42.11711201856095
38,F,Parda,7,Servicos,Sudeste,26.859086963875612
33,F,Amarela,18,Comercio,Norte,65.37646884494488
62,F,Indigena,6,Comercio,Centro-Oeste,17.28037507801953
35,M,Preta,18,Construcao,Sul,62.80601117886074
64,M,Preta,5,Industria,Sul,45.45499818940567
41,M,Amarela,5,Industria,Sudeste,30.429307799647678
43,F,Branca,2,Construcao,Norte,11.716720213546163
42,F,Indigena,6,Industria,Norte,28.652373626091904
62,F,Preta,18,Agricultura,Sul,82.24743802898132
58,F,Indigena,7,Servicos,Nordeste,26.569906516763844
46,F,Preta,9,Comercio,Sudeste,37.41214053016393
32,F,Indigena,19,Servicos,Sudeste,82.02459009907776
62,M,Parda,14,Comercio,Sul,71.78621406122639
18,M,Preta,14,Agricultura,Sul,54.739412654258295
42,F,Indigena,0,Industria,Nordeste,5.605683784840144
24,M,Branca,19,Construcao,Nordeste,78.65506101085495
26,F,Parda,6,Agricultura,Norte,37.48665435049518
41,M,Parda,3,Servicos,Sudeste,35.3936819265734
18,F,Branca,5,Construcao,Sudeste,24.28558590637548
61,F,Indigena,0,Industria,Sul,19.02582395497178
25,M,Amarela,4,Agricultura,Norte,23.237839513731014
41,M,Branca,0,Construcao,Sudeste,21.905107827693467
28,F,Indigena,3,Agricultura,Norte,28.466008628788014
34,F,Branca,1,Agricultura,Norte,20.156502246824417
25,M,Branca,9,Industria,Sul,35.735743538091455
52,M,Preta,4,Comercio,Norte,35.69897870011722
52,F,Indigena,9,Construcao,Nordeste,41.31879284007893
50,M,Amarela,0,Industria,Nordeste,20.1223947751535
22,F,Preta,5,Agricultura,Centro-Oeste,33.439245155671614
59,F,Branca,12,Industria,Sul,46.010518502918686
56,F,Branca,14,Comercio,Centro-Oeste,53.70504652776122
58,F,Branca,3,Construcao,Nordeste,20.17127269184471
45,M,Indigena,12,Comercio,Centro-Oeste,39.592843447807255
24,M,Indigena,19,Servicos,Sul,75.16025986562951
26,M,Preta,14,Construcao,Sul,71.38933930950654
25,M,Amarela,7,Comercio,Norte,21.559533532965478
29,M,Preta,4,Agricultura,Sudeste,29.48631633370318
51,M,Parda,14,Construcao,Norte,59.16325761044863
50,M,Branca,3,Construcao,Sul,29.138469209937085
65,F,Branca,11,Industria,Nordeste,45.92123168490555
40,M,Branca,12,Agricultura,Nordeste,40.604701819325044
41,M,Preta,1,Servicos,Norte,22.11672045764098
54,F,Preta,18,Comercio,Sul,64.33941613790444
52,M,Branca,18,Industria,Nordeste,53.50046977012868
61,M,Preta,3,Comercio,Sul,36.887553323082386
57,F,Indigena,3,Servicos,Nordeste,31.990314919052253
39,M,Indigena,10,Servicos,Sul,49.98996586110648
44,M,Preta,4,Construcao,Centro-Oeste,27.854448129234214
52,M,Branca,19,Servicos,Sul,82.88590807629336
18,F,Preta,10,Comercio,Sul,43.50603794066849
52,M,Preta,9,Agricultura,Norte,46.86410532856789
54,M,Preta,7,Agricultura,Centro-Oeste,34.2951067947569
64,F,Parda,5,Construcao,Sudeste,42.55190243144368
31,M,Indigena,5,Comercio,Norte,29.6447143555961
20,F,Amarela,7,Comercio,Sudeste,36.164311661635246
18,F,Amarela,14,Servicos,Nordeste,44.739633467727806
22,M,Parda,13,Comercio,Sudeste,55.761735125810254
43,F,Preta,10,Industria,Sul,40.16827049503329
31,F,Parda,11,Servicos,Sudeste,46.69030364082903
56,M,Parda,12,Industria,Norte,45.42774623010327
44,F,Branca,7,Construcao,Norte,26.482590408604644
26,F,Indigena,17,Agricultura,Sudeste,76.46862841810177
32,M,Amarela,0,Construcao,Norte,21.828034371930418
32,M,Preta,14,Agricultura,Norte,64.56220501286556
43,M,Amarela,7,Construcao,Sudeste,32.42262988266661
59,F,Amarela,10,Comercio,Centro-Oeste,43.50752249946535
30,M,Indigena,11,Industria,Centro-Oeste,36.63895424877542
49,F,Amarela,11,Agricultura,Nordeste,40.50583073681761
56,F,Amarela,3,Servicos,Norte,20.611238099500547
49,F,Parda,15,Industria,Sudeste,68.31750403864936
21,F,Indigena,3,Servicos,Norte,19.54262193138944
47,F,Branca,4,Industria,Sul,35.2502760021641
54,F,Preta,4,Industria,Norte,29.304725337531107
40,F,Amarela,7,Construcao,Norte,46.22183251262874
56,M,Preta,9,Agricultura,Centro-Oeste,33.04333466116166
62,M,Branca,16,Agricultura,Sudeste,74.79539943872079
32,F,Preta,8,Industria,Norte,41.11864522240436
60,F,Branca,18,Comercio,Centro-Oeste,59.759726971837786
46,M,Parda,13,Comercio,Nordeste,57.96280001883896
53,F,Amarela,7,Servicos,Centro-Oeste,38.976869778157365
30,M,Branca,8,Servicos,Centro-Oeste,37.63514244027955
49,M,Preta,10,Construcao,Centro-Oeste,38.936387078167996
24,M,Amarela,0,Industria,Norte,8.565343291304885
39,F,Parda,13,Servicos,Norte,64.37887257471556
45,F,Amarela,4,Servicos,Nordeste,27.604096913744893
19,M,Branca,20,Industria,Sul,76.97278000918875
59,M,Parda,13,Construcao,Sul,52.73460370999468
62,M,Preta,3,Servicos,Sul,28.16088232267016
23,M,Parda,0,Construcao,Nordeste,19.251908855499654
45,M,Parda,18,Agricultura,Sul,61.70254273069081
45,F,Indigena,7,Construcao,Sul,34.50871739256837
61,M,Parda,14,Comercio,Centro-Oeste,56.724164466433386
61,F,Parda,20,Comercio,Norte,71.98823561104031
37,M,Amarela,14,Construcao,Norte,52.56544028990306
47,F,Preta,8,Comercio,Centro-Oeste,38.41491868657554
28,F,Amarela,20,Agricultura,Centro-Oeste,71.51713453490687
45,F,Amarela,8,Industria,Centro-Oeste,40.207825272755976
42,F,Branca,9,Comercio,Norte,32.32517714799303
56,F,Amarela,19,Comercio,Sul,70.2150694124272
50,F,Indigena,20,Construcao,Centro-Oeste,77.16857717126163
18,M,Indigena,8,Agricultura,Nordeste,39.92788312544324
44,F,Branca,2,Industria,Centro-Oeste,10.642843291113616
30,M,Preta,19,Construcao,Sudeste,73.9088794021132
58,F,Preta,10,Construcao,Centro-Oeste,31.09064850375114
20,F,Amarela,5,Agricultura,Norte,24.681609412362217
56,M,Amarela,1,Industria,Centro-Oeste,30.90660210047586
23,F,Amarela,6,Agricultura,Sudeste,26.872643696386078
25,M,Preta,17,Industria,Nordeste,55.5940617270505
44,M,Parda,1,Agricultura,Sul,26.664178689437154
26,M,Indigena,16,Construcao,Centro-Oeste,48.66319090874212
54,M,Parda,10,Construcao,Sudeste,45.68346982068977
50,F,Parda,11,Servicos,Sudeste,56.37864682549051
59,F,Preta,18,Comercio,Nordeste,61.67428491386359
61,M,Parda,6,Agricultura,Norte,32.70418007673417
41,F,Branca,19,Servicos,Centro-Oeste,73.5851142618902
32,F,Amarela,5,Comercio,Sudeste,33.36927650121937
49,M,Branca,20,Agricultura,Nordeste,73.4809103777724
49,F,Indigena,0,Industria,Sul,15.845266324379766
41,M,Amarela,16,Comercio,Sudeste,66.94036669161373
58,M,Parda,10,Construcao,Nordeste,44.21760391940146
29,F,Indigena,17,Servicos,Norte,64.82683365955471
56,F,Amarela,20,Comercio,Norte,67.73840784929213
19,F,Parda,16,Comercio,Sudeste,58.98458615372275
20,M,Branca,6,Construcao,Sudeste,28.260253244687913
54,M,Amarela,16,Agricultura,Centro-Oeste,61.069954339962585
34,F,Parda,19,Industria,Nordeste,60.41399481822693
19,F,Branca,8,Construcao,Sudeste,30.99572129902804
19,F,Indigena,16,Industria,Centro-Oeste,56.63196688713233
45,F,Indigena,19,Agricultura,Centro-Oeste,67.87643865514596
40,M,Indigena,7,Comercio,Sudeste,44.09724240969143
54,F,Indigena,16,Industria,Norte,56.693246582549406
49,M,Preta,6,Servicos,Nordeste,38.128317081020526
50,M,Amarela,0,Servicos,Nordeste,22.304785433641978
18,F,Amarela,12,Construcao,Norte,46.42864284698956
36,F,Preta,18,Agricultura,Sudeste,62.766077903187146
19,F,Parda,18,Construcao,Nordeste,61.57618089362713
61,M,Parda,16,Construcao,Sudeste,69.30484177632798
43,F,Indigena,12,Construcao,Sudeste,51.803070801447646
49,F,Branca,15,Servicos,Centro-Oeste,46.36113404977348
23,M,Parda,7,Servicos,Norte,36.32293774384088
49,F,Branca,18,Construcao,Sudeste,82.55518623638345
21,M,Amarela,17,Servicos,Sul,64.9597643874581
28,F,Branca,0,Agricultura,Norte,6.991537412868072
34,M,Amarela,13,Construcao,Nordeste,52.720091358268384
55,F,Preta,18,Servicos,Centro-Oeste,69.87426926279943
41,F,Preta,14,Industria,Nordeste,59.276410992498484
22,M,Indigena,17,Construcao,Nordeste,52.69279106454667
51,M,Parda,1,Construcao,Norte,23.308281515449956
23,F,Indigena,16,Agricultura,Nordeste,59.10253236750878
39,M,Amarela,17,Comercio,Sudeste,66.42712077835672
28,M,Indigena,5,Comercio,Nordeste,29.392123907530138
65,M,Branca,18,Agricultura,Centro-Oeste,74.37674488959014
33,M,Amarela,3,Agricultura,Centro-Oeste,27.5938922801707
50,F,Preta,0,Agricultura,Sul,11.141884127557628
26,F,Parda,7,Comercio,Centro-Oeste,35.64094912053291
23,M,Amarela,6,Agricultura,Nordeste,29.171868369804884
33,M,Amarela,2,Servicos,Centro-Oeste,22.997244588093096
46,M,Branca,9,Construcao,Norte,41.159181946010165
20,M,Parda,9,Construcao,Centro-Oeste,36.69854206721044
37,F,Preta,18,Industria,Sudeste,74.9902449826424
53,F,Amarela,13,Industria,Norte,50.257692240904724
36,M,Amarela,1,Construcao,Sul,14.402723229700989
43,M,Branca,0,Servicos,Sudeste,20.79882086418163
20,M,Indigena,17,Comercio,Nordeste,61.07216830086285
36,F,Preta,6,Comercio,Nordeste,36.4952887057823
37,M,Parda,7,Servicos,Nordeste,40.658568109693
49,F,Amarela,0,Comercio,Sudeste,13.776788327517735
24,M,Amarela,2,Agricultura,Sudeste,38.39113950007335
58,F,Preta,7,Construcao,Sudeste,41.14865186586788
50,M,Indigena,14,Construcao,Norte,62.85234442799408
57,F,Amarela,4,Servicos,Norte,28.129713398536623
56,M,Preta,2,Comercio,Nordeste,25.520155468232698
35,M,Branca,18,Industria,Centro-Oeste,69.63681102711043
57,M,Indigena,0,Industria,Nordeste,24.149168270525536
18,F,Parda,14,Comercio,Sul,59.70420983226935
28,M,Amarela,7,Industria,Norte,38.19318200043786
45,F,Preta,1,Servicos,Sudeste,22.309479612835347
42,F,Branca,2,Servicos,Norte,18.20952374826363
40,M,Parda,13,Comercio,Sudeste,58.195645061945186
48,M,Preta,13,Industria,Sul,61.75876843404642
47,M,Preta,10,Servicos,Sul,49.30367579534036
59,F,Parda,15,Servicos,Norte,66.47103179428632
52,M,Branca,3,Agricultura,Sudeste,38.35570047291708
24,F,Branca,19,Agricultura,Sul,62.58207448555948
33,F,Indigena,4,Servicos,Nordeste,21.13847577722232
43,M,Amarela,20,Comercio,Nordeste,70.31774964656798
65,M,Parda,13,Construcao,Sudeste,61.04567600913518
19,M,Parda,15,Construcao,Norte,51.132597917397696
18,M,Parda,17,Servicos,Sul,74.87321607320285
65,M,Branca,6,Servicos,Norte,40.1444011691107
29,M,Amarela,9,Servicos,Nordeste,41.91668228944444
22,F,Indigena,6,Comercio,Sul,22.82454285678883
54,F,Preta,0,Agricultura,Norte,6.585105101434958
49,F,Preta,20,Servicos,Centro-Oeste,74.56605550169084
26,M,Parda,18,Servicos,Sudeste,58.72442624307098
58,F,Amarela,15,Industria,Sudeste,68.03582445786444
52,F,Branca,18,Comercio,Centro-Oeste,63.69107693376608
36,F,Amarela,3,Servicos,Nordeste,43.1785578175684
65,F,Amarela,17,Industria,Sul,81.24749750369665
33,F,Branca,1,Construcao,Sudeste,18.6713055845149
20,M,Parda,0,Servicos,Centro-Oeste,14.76197798481211
37,M,Amarela,14,Servicos,Centro-Oeste,62.61348908401217
41,F,Preta,4,Industria,Nordeste,34.33903565950823
50,F,Branca,19,Comercio,Nordeste,57.37182565538389
41,F,Indigena,10,Servicos,Norte,33.20174720787188
28,M,Parda,9,Construcao,Sudeste,39.82779116667371
25,M,Branca,1,Servicos,Norte,22.29642549904319
53,F,Indigena,2,Construcao,Centro-Oeste,22.941241543045585
55,M,Indigena,11,Agricultura,Sul,57.8186287299031
57,M,Amarela,19,Agricultura,Sul,66.84181482980814
37,F,Amarela,4,Construcao,Nordeste,9.743136822186742
52,M,Amarela,4,Comercio,Sul,36.58808517181287
65,M,Branca,5,Servicos,Sul,33.83082236220859
42,F,Branca,8,Servicos,Sul,30.32907281366817
52,M,Parda,1,Agricultura,Centro-Oeste,19.91038247575629
42,M,Amarela,20,Construcao,Sul,79.79905412931205
46,F,Indigena,11,Servicos,Sul,50.58765720727233
35,M,Preta,2,Servicos,Sul,24.05290968290506
63,M,Parda,19,Comercio,Norte,69.80382660712455
35,F,Branca,11,Industria,Centro-Oeste,40.7765034255953
19,F,Parda,16,Agricultura,Nordeste,46.991717328358995
52,F,Parda,9,Agricultura,Norte,35.15191593805741
33,M,Parda,13,Industria,Sudeste,58.487679430082885
58,F,Parda,16,Servicos,Centro-Oeste,64.690071248259
53,M,Preta,17,Comercio,Centro-Oeste,64.96835883580091
50,F,Amarela,18,Comercio,Sudeste,63.42910910887973
21,M,Indigena,16,Agricultura,Sudeste,61.23098102718599
50,F,Parda,13,Comercio,Sudeste,42.33760972134287
31,F,Parda,8,Industria,Nordeste,35.190859983312336
38,F,Parda,7,Servicos,Sul,47.733146246881404
65,F,Amarela,1,Industria,Centro-Oeste,9.755207207747368
37,M,Branca,12,Construcao,Sul,48.52443396009346
25,F,Branca,6,Agricultura,Sul,33.77464067226077
24,F,Preta,8,Comercio,Sudeste,45.797055806564906
20,M,Branca,10,Construcao,Nordeste,37.7106523021991
34,F,Parda,13,Comercio,Norte,44.32649802440462
50,M,Parda,3,Servicos,Nordeste,15.586461145503499
65,F,Parda,12,Servicos,Sul,57.02062877584863
29,F,Preta,1,Servicos,Nordeste,29.532456240862466
39,F,Parda,4,Comercio,Sudeste,30.544150771788054
39,M,Branca,10,Construcao,Norte,42.54632612489772
63,F,Amarela,5,Servicos,Sudeste,39.49249386460191
47,F,Amarela,17,Construcao,Norte,61.17344797630838
55,F,Indigena,20,Comercio,Sul,69.72191376643922
55,M,Branca,9,Construcao,Norte,46.73967949406623
62,M,Parda,3,Comercio,Norte,27.194569138670524
25,F,Amarela,8,Comercio,Norte,33.50567951160194
44,M,Branca,5,Agricultura,Nordeste,23.4278038363305
44,F,Amarela,1,Comercio,Nordeste,23.901047591608553
51,F,Parda,16,Comercio,Sul,66.90821647199866
38,F,Amarela,4,Industria,Norte,20.442474975796188
47,F,Indigena,5,Servicos,Centro-Oeste,36.650949122091625
50,F,Indigena,11,Agricultura,Sul,45.814574969688756
45,F,Amarela,20,Agricultura,Norte,64.70797904493378
64,F,Branca,9,Agricultura,Norte,36.32178129511827
50,M,Branca,20,Industria,Nordeste,61.37358868147145
22,M,Branca,5,Comercio,Sul,33.46925428250923
65,M,Amarela,7,Servicos,Norte,29.413130729969897
36,M,Branca,1,Construcao,Norte,9.749337012405425
21,M,Parda,11,Comercio,Sul,34.866471945528794
52,M,Indigena,12,Industria,Centro-Oeste,49.32358184325464
34,M,Parda,20,Comercio,Sul,73.17807723836877
61,F,Branca,6,Comercio,Sul,34.15982272088181
45,F,Parda,9,Industria,Centro-Oeste,32.344533831976534
47,F,Branca,12,Agricultura,Sul,44.20659747938016
46,F,Amarela,16,Agricultura,Norte,61.106219181279435
63,M,Parda,20,Servicos,Sul,77.25668840974907
23,M,Amarela,13,Servicos,Centro-Oeste,54.05814992921687
52,F,Amarela,1,Agricultura,Sudeste,16.728507883254665
58,F,Preta,10,Construcao,Sul,48.0463764566265
54,M,Branca,0,Comercio,Nordeste,24.299668223896383
41,F,Indigena,18,Construcao,Norte,66.8369948023567
46,F,Branca,20,Comercio,Norte,67.04551709070111
63,F,Indigena,3,Agricultura,Nordeste,25.50319382213556
48,F,Branca,18,Servicos,Nordeste,65.71600895281873
52,M,Amarela,20,Servicos,Sul,79.28728110816836
50,F,Parda,10,Construcao,Nordeste,40.04633368710898
38,F,Parda,7,Servicos,Sudeste,39.17398876468765
49,M,Preta,10,Agricultura,Centro-Oeste,45.152560118445045
40,M,Indigena,3,Construcao,Nordeste,17.239847802508294
50,F,Indigena,16,Comercio,Nordeste,52.70472703806013
20,M,Indigena,6,Servicos,Sudeste,28.868744677012728
35,F,Amarela,7,Industria,Norte,22.198373372977738
42,F,Indigena,2,Servicos,Norte,14.336303846677124
59,M,Parda,1,Comercio,Sul,24.836775040824776
48,F,Amarela,14,Construcao,Sudeste,52.603274907048686
20,F,Branca,4,Comercio,Centro-Oeste,24.681686785386578
57,F,Indigena,0,Industria,Centro-Oeste,15.048282492515371
63,F,Indigena,3,Agricultura,Sudeste,17.148974719371676
41,M,Branca,14,Servicos,Centro-Oeste,61.049853505330134
49,M,Indigena,19,Construcao,Norte,73.94479187355026
64,F,Branca,18,Agricultura,Centro-Oeste,60.11682395099088
39,M,Amarela,2,Comercio,Centro-Oeste,22.80114925736995
40,F,Parda,19,Construcao,Sudeste,65.86101057554481
19,F,Branca,10,Agricultura,Sudeste,43.86602226049001
44,F,Preta,16,Construcao,Centro-Oeste,50.4930095582702
59,F,Branca,12,Industria,Nordeste,37.92136128479253
19,F,Indigena,10,Industria,Sudeste,40.98309686232219
43,M,Amarela,1,Servicos,Sul,24.217626322350984
34,F,Amarela,8,Servicos,Sul,39.093921838312376
57,M,Branca,1,Industria,Norte,12.535816650664644
50,M,Parda,20,Construcao,Centro-Oeste,69.60060562721318
26,F,Preta,8,Industria,Nordeste,35.1357685154844
60,F,Amarela,8,Servicos,Norte,40.33064181926477
65,F,Indigena,7,Industria,Centro-Oeste,36.49500618359528
56,F,Indigena,16,Industria,Sudeste,60.4993087972746
46,F,Parda,0,Construcao,Sul,24.55030748829696
59,M,Amarela,10,Agricultura,Nordeste,38.02295998067132
43,F,Branca,7,Servicos,Sul,42.68536178252031
52,F,Indigena,9,Construcao,Sudeste,51.53134655775977
42,M,Parda,6,Industria,Centro-Oeste,34.72544855649337
41,M,Amarela,2,Industria,Sudeste,24.30485463761102
30,F,Amarela,2,Agricultura,Sudeste,19.030217720022122
24,M,Amarela,17,Servicos,Sul,73.69652590627753
53,F,Amarela,4,Servicos,Nordeste,20.02215044842996
62,M,Amarela,11,Comercio,Sudeste,47.41925443772213
37,M,Indigena,11,Servicos,Sul,49.85465340704967
18,F,Parda,18,Agricultura,Nordeste,67.98592254507199
25,M,Amarela,5,Comercio,Centro-Oeste,29.278605816245374
63,M,Preta,1,Comercio,Centro-Oeste,14.551725448938527
33,M,Preta,11,Industria,Norte,42.89815376769057
31,M,Parda,18,Industria,Sul,64.43406113542224
29,M,Branca,4,Servicos,Nordeste,23.421266046598788
40,M,Branca,11,Comercio,Sudeste,56.47333735134067
32,F,Branca,16,Industria,Centro-Oeste,48.409541224418966
45,F,Preta,16,Agricultura,Nordeste,67.85268513440624
51,M,Branca,9,Industria,Sul,50.28937814110774
19,F,Indigena,16,Industria,Norte,61.62517002362219
49,F,Amarela,14,Comercio,Centro-Oeste,50.30236292784845
40,F,Preta,11,Comercio,Nordeste,42.70035568552534
39,M,Parda,15,Construcao,Nordeste,48.08108911285173
42,F,Parda,18,Agricultura,Nordeste,60.29202555759918
39,M,Amarela,7,Comercio,Sul,41.24192908585891
39,F,Preta,20,Servicos,Sul,83.45637837068838
59,M,Branca,16,Agricultura,Sul,59.23705909918529
23,M,Branca,4,Agricultura,Sudeste,26.766964378088407
32,F,Indigena,15,Comercio,Nordeste,52.93220467860487
60,F,Indigena,5,Agricultura,Centro-Oeste,20.82526478684509
54,M,Branca,7,Comercio,Sul,43.6280954505504
50,F,Parda,17,Industria,Sul,61.25605800954434
25,F,Parda,11,Construcao,Nordeste,40.627657892937854
61,F,Indigena,14,Industria,Sul,55.80830376852873
61,M,Amarela,8,Comercio,Sudeste,39.98396896568195
22,M,Branca,12,Comercio,Sudeste,51.19773008711667
56,F,Indigena,14,Industria,Sul,56.62634252859186
21,F,Indigena,9,Servicos,Nordeste,36.488852706328004
23,F,Branca,15,Servicos,Nordeste,51.389230269917945
62,M,Branca,6,Servicos,Nordeste,39.157148024697726
49,M,Parda,16,Comercio,Norte,70.6017036109537
47,F,Amarela,20,Agricultura,Sul,74.47932339703476
64,F,Amarela,6,Comercio,Nordeste,38.45670928946677
52,F,Branca,13,Agricultura,Sudeste,47.29866844907922
57,F,Preta,14,Industria,Centro-Oeste,54.98656863576261
33,F,Indigena,20,Construcao,Centro-Oeste,61.37579008617361
30,F,Indigena,6,Agricultura,Nordeste,19.53845043480859
59,M,Branca,8,Servicos,Centro-Oeste,38.04377155524578
47,F,Preta,18,Comercio,Centro-Oeste,71.19139600648143
36,M,Parda,15,Industria,Norte,62.02009497201787
34,F,Branca,7,Servicos,Sudeste,41.1380283323264
36,F,Branca,17,Industria,Sudeste,55.7237966406604
45,M,Indigena,17,Construcao,Norte,61.82231609167237
43,M,Branca,19,Comercio,Norte,70.17020005341041
54,M,Branca,6,Comercio,Centro-Oeste,34.33321737747159
43,M,Branca,2,Construcao,Sul,13.697238499115524
40,F,Indigena,17,Comercio,Centro-Oeste,55.05809291188076
26,M,Parda,9,Agricultura,Norte,37.9355334151077
29,F,Parda,6,Industria,Sudeste,36.49774545710314
18,M,Branca,16,Servicos,Centro-Oeste,46.78323307340031
18,F,Indigena,13,Construcao,Sul,49.587256147120854
64,F,Parda,2,Agricultura,Centro-Oeste,22.138292619273717
51,F,Parda,11,Servicos,Nordeste,53.01767193109728
49,F,Parda,12,Servicos,Centro-Oeste,54.63714550542461
65,F,Indigena,1,Construcao,Norte,22.095427912852834
42,F,Indigena,2,Agricultura,Sudeste,18.840356959788394
57,M,Branca,4,Servicos,Sudeste,24.591987177260155
62,F,Amarela,10,Servicos,Norte,44.08168345763159
18,M,Parda,7,Agricultura,Nordeste,37.76979095125136
33,M,Amarela,11,Comercio,Norte,53.12072716514659
56,F,Indigena,6,Servicos,Centro-Oeste,38.78329461378671
22,M,Indigena,14,Industria,Norte,54.4160449368104
39,F,Indigena,16,Agricultura,Norte,59.75783789031579
46,M,Amarela,3,Servicos,Nordeste,23.583287519435316
20,F,Indigena,12,Construcao,Centro-Oeste,43.21963823867827
29,M,Branca,17,Industria,Sul,75.09441715495798
43,F,Indigena,0,Servicos,Sul,14.504651965248742
33,F,Preta,15,Industria,Sudeste,68.6486727442591
54,F,Amarela,12,Industria,Norte,46.14783107304765
39,F,Preta,9,Comercio,Sudeste,50.83259265457047
46,M,Indigena,11,Industria,Nordeste,37.87910994301477
31,F,Branca,1,Comercio,Sul,22.035425206987895
45,M,Parda,2,Agricultura,Norte,16.57937918431427
22,M,Indigena,9,Comercio,Nordeste,29.34839684845488
64,M,Branca,1,Construcao,Nordeste,21.791204254465676
47,F,Amarela,12,Servicos,Norte,56.29683073157581
63,M,Preta,12,Agricultura,Nordeste,46.090351368439016
22,M,Preta,17,Agricultura,Norte,51.24590423724959
29,M,Preta,2,Construcao,Norte,18.528931413990268
33,F,Amarela,6,Comercio,Centro-Oeste,28.23538802733691
43,F,Branca,13,Servicos,Sudeste,60.84991776532699
43,M,Amarela,19,Comercio,Nordeste,74.05756742818693
65,F,Preta,16,Industria,Nordeste,60.24350891236503
38,F,Indigena,20,Comercio,Centro-Oeste,79.69301988876558
56,M,Parda,11,Agricultura,Centro-Oeste,48.86540846721174
53,M,Amarela,15,Servicos,Centro-Oeste,59.2814409639586
50,F,Amarela,11,Comercio,Sul,39.13059584538303
47,M,Branca,14,Servicos,Sul,60.26404287810299
54,F,Branca,9,Servicos,Sul,44.66167832753318
40,F,Amarela,6,Industria,Norte,35.36182877768882
27,F,Preta,19,Industria,Nordeste,67.21490174440112
22,F,Parda,4,Agricultura,Sudeste,19.763785270204295
53,F,Branca,0,Construcao,Norte,15.393526318466224
51,F,Preta,16,Servicos,Nordeste,65.94918703037432
48,M,Indigena,2,Construcao,Nordeste,30.528188156326998
27,M,Branca,12,Agricultura,Centro-Oeste,52.16502380448435
36,F,Preta,13,Servicos,Centro-Oeste,56.285079925868864
49,F,Preta,17,Servicos,Norte,64.84051596769098
18,F,Parda,3,Construcao,Centro-Oeste,20.889872032540698
22,M,Parda,17,Comercio,Nordeste,67.73702940423695
62,F,Indigena,4,Industria,Centro-Oeste,18.6433356151221
21,M,Preta,15,Comercio,Sul,56.42336403669826
33,F,Preta,0,Construcao,Centro-Oeste,7.324587507462557
41,F,Parda,20,Industria,Nordeste,71.19491871235675
33,M,Branca,13,Comercio,Norte,57.741333053904725
19,M,Branca,14,Industria,Sudeste,52.898154279673555
45,F,Amarela,8,Servicos,Centro-Oeste,24.45817379518337
49,F,Parda,14,Comercio,Nordeste,50.60667552985318
44,F,Amarela,16,Industria,Sudeste,68.56084239210443
37,M,Parda,3,Industria,Sudeste,31.065779417699275
41,M,Indigena,11,Industria,Sul,52.289117486863454
29,M,Preta,4,Comercio,Sudeste,28.000040188753122
52,M,Indigena,4,Agricultura,Nordeste,19.765815582681277
50,M,Parda,10,Comercio,Nordeste,47.091765929746806
50,M,Preta,5,Construcao,Centro-Oeste,24.99430913979225
60,F,Branca,6,Comercio,Centro-Oeste,45.104580400282735
54,F,Branca,13,Industria,Centro-Oeste,54.30304325012709
29,M,Amarela,10,Servicos,Sudeste,45.9961101846763
20,F,Parda,12,Comercio,Sudeste,45.331688515668226
18,F,Parda,1,Comercio,Sul,16.40233476031847
50,M,Branca,6,Industria,Centro-Oeste,31.3629884678695
57,F,Indigena,19,Servicos,Norte,77.74100265317972
27,M,Preta,3,Servicos,Sul,29.75849701846428
60,M,Indigena,7,Construcao,Norte,32.41020956654883
61,F,Indigena,19,Comercio,Sudeste,84.8626441109347
46,M,Branca,20,Servicos,Sul,78.81584998912133
30,M,Branca,18,Servicos,Sul,75.61303805581338
29,M,Branca,12,Agricultura,Nordeste,43.43064095533144
48,M,Amarela,13,Agricultura,Sudeste,59.33869376646714
63,M,Indigena,9,Servicos,Sudeste,52.62665994685917
19,M,Parda,10,Construcao,Sul,32.94210424742308
52,M,Preta,1,Servicos,Sudeste,39.13165066276384
40,M,Amarela,8,Industria,Sul,48.94386676553528
34,F,Parda,16,Comercio,Nordeste,54.496828103124066
43,F,Indigena,2,Construcao,Sul,16.146381557264867
25,F,Branca,5,Industria,Sudeste,32.08536968282131
46,M,Indigena,4,Construcao,Sudeste,32.24018619648638
43,M,Preta,4,Industria,Sul,32.49401369137938
27,F,Amarela,14,Comercio,Sul,55.58946437716453
43,F,Amarela,16,Comercio,Sul,64.99744593583554
51,F,Preta,8,Agricultura,Centro-Oeste,45.20383419635083
58,M,Parda,2,Industria,Sudeste,30.96861923077188
24,F,Parda,19,Agricultura,Sudeste,62.78206700654035
21,F,Amarela,16,Industria,Centro-Oeste,63.4953771162747
62,M,Amarela,9,Agricultura,Sul,56.48368738092972
28,F,Branca,2,Comercio,Nordeste,35.872340407072514
46,M,Parda,17,Construcao,Sul,60.379035800562406
53,M,Preta,17,Agricultura,Sul,69.41729207890164
42,M,Parda,16,Industria,Centro-Oeste,47.34740778086607
38,F,Branca,2,Industria,Sudeste,26.478894938275253
53,F,Amarela,2,Comercio,Sul,20.670798210999365
27,M,Amarela,5,Industria,Sudeste,43.78067476894972
54,F,Branca,12,Servicos,Norte,46.4323101798885
26,F,Preta,14,Construcao,Sudeste,45.184901772196426
41,F,Amarela,8,Agricultura,Nordeste,32.49241755578488
52,F,Indigena,3,Construcao,Nordeste,10.787073372697176
52,M,Amarela,13,Comercio,Sul,61.146596727043864
65,F,Indigena,4,Agricultura,Sudeste,19.609501722462078
53,M,Branca,1,Agricultura,Sul,23.33074548709895
35,M,Branca,10,Servicos,Centro-Oeste,32.733129080862824
56,F,Amarela,8,Comercio,Nordeste,35.19821317278014
49,M,Parda,2,Industria,Sul,35.3402689348272
41,F,Indigena,8,Servicos,Centro-Oeste,40.48388734861477
40,F,Preta,2,Servicos,Sul,20.219038370210395
49,M,Amarela,1,Construcao,Sudeste,23.492779066365497
54,M,Preta,11,Construcao,Sudeste,52.38810123226668
29,M,Amarela,9,Construcao,Sudeste,46.515782075060436
30,M,Parda,8,Servicos,Sudeste,35.79884982031504
40,F,Parda,14,Industria,Norte,55.555403643083984
42,F,Parda,7,Agricultura,Centro-Oeste,16.41365021038335
52,F,Parda,4,Construcao,Centro-Oeste,21.660692685817136
58,M,Branca,10,Industria,Sudeste,47.030356945290734
47,M,Branca,1,Comercio,Norte,22.23996095642743
34,M,Indigena,14,Construcao,Sudeste,58.41578511606121
37,F,Preta,5,Agricultura,Norte,18.006621676862277
65,M,Amarela,7,Comercio,Sudeste,36.490041245097906
42,F,Amarela,4,Comercio,Nordeste,25.43208005728444
39,M,Branca,15,Agricultura,Nordeste,56.205595948812665
30,F,Amarela,17,Construcao,Sul,59.72525534218552
36,F,Branca,5,Servicos,Sudeste,31.434997262928125
53,M,Indigena,4,Agricultura,Centro-Oeste,31.73700798295573
29,M,Preta,15,Agricultura,Sul,56.37384456278472
58,F,Indigena,12,Agricultura,Nordeste,48.03145253582556
36,F,Parda,4,Comercio,Sudeste,41.53961952848326
29,M,Parda,12,Industria,Sul,42.53790417869646
26,M,Parda,16,Servicos,Sudeste,54.80894361055205
24,F,Indigena,17,Construcao,Nordeste,63.18153798879163
45,M,Amarela,7,Construcao,Sul,34.92814163223538
31,F,Preta,12,Industria,Nordeste,43.410574833544274
48,F,Parda,18,Agricultura,Norte,59.47306173121331
36,M,Parda,2,Servicos,Nordeste,21.361199155394928
64,M,Parda,7,Construcao,Sudeste,51.87122867257805
33,M,Preta,1,Construcao,Centro-Oeste,21.572770751708717
22,M,Parda,7,Agricultura,Nordeste,37.41334107132186
52,M,Preta,12,Industria,Centro-Oeste,41.342637665244126
29,F,Parda,12,Servicos,Norte,41.173077580682786
42,F,Indigena,0,Industria,Sul,5.0
38,M,Indigena,5,Industria,Sul,27.703715073503478
53,M,Preta,18,Servicos,Centro-Oeste,75.50021911831394
40,M,Indigena,15,Servicos,Sul,66.90167909449022
33,F,Preta,7,Construcao,Nordeste,30.230920422287255
56,M,Indigena,0,Construcao,Centro-Oeste,16.58619829769168
62,M,Indigena,15,Servicos,Sudeste,63.30668674454756
59,F,Preta,8,Comercio,Nordeste,38.7085532944107
56,F,Amarela,12,Construcao,Nordeste,52.91526967688368
31,M,Indigena,10,Comercio,Nordeste,32.02467927553716
48,M,Parda,12,Servicos,Sudeste,59.15788612702408
22,M,Amarela,20,Construcao,Norte,74.23460922572801
52,F,Preta,9,Industria,Sul,40.94939826621978
40,M,Amarela,3,Servicos,Centro-Oeste,30.4042036727235
46,M,Branca,5,Agricultura,Norte,46.40792666683532
60,M,Branca,6,Comercio,Centro-Oeste,33.373943242078646
28,F,Indigena,4,Servicos,Sul,31.91984230003194
35,F,Indigena,10,Servicos,Sudeste,43.77165749803165
64,M,Parda,12,Construcao,Nordeste,52.367506975612294
29,M,Amarela,18,Construcao,Nordeste,66.64162974989382
26,F,Branca,9,Construcao,Sudeste,42.489054041620825
27,F,Indigena,9,Agricultura,Norte,30.321828081746858
61,F,Amarela,10,Construcao,Norte,44.558170627952705
34,F,Indigena,20,Servicos,Centro-Oeste,79.85317563230582
55,F,Indigena,6,Construcao,Sudeste,39.091814587087164
24,F,Branca,17,Industria,Norte,64.25192313443104
63,F,Branca,3,Construcao,Sudeste,27.53792817992423
30,F,Indigena,1,Agricultura,Sul,22.899401436542263
57,F,Preta,13,Industria,Nordeste,52.91560702929915
59,M,Indigena,12,Servicos,Nordeste,47.9745356218766
26,M,Indigena,11,Servicos,Nordeste,48.83112602879325
44,M,Parda,6,Comercio,Sudeste,31.129820019358135
19,F,Parda,1,Industria,Sudeste,14.282718350691248
22,M,Parda,12,Comercio,Centro-Oeste,47.37596984375424
46,F,Preta,13,Industria,Nordeste,51.70346564028075
54,F,Preta,16,Industria,Centro-Oeste,52.144605209537225
55,M,Indigena,8,Agricultura,Nordeste,45.32391462709726
36,F,Parda,16,Comercio,Centro-Oeste,60.552037669802836
25,M,Preta,7,Agricultura,Centro-Oeste,28.37162938633469
65,M,Branca,1,Industria,Sul,15.37449122130495
62,M,Indigena,12,Servicos,Centro-Oeste,53.1705725255114
18,F,Amarela,2,Industria,Sudeste,18.084337716833037
39,M,Indigena,15,Agricultura,Centro-Oeste,57.35884274231814
34,F,Amarela,5,Comercio,Nordeste,23.901300033066597
24,M,Parda,18,Comercio,Centro-Oeste,51.23525883552994
42,M,Amarela,6,Agricultura,Norte,29.509918370193045
62,M,Parda,9,Comercio,Nordeste,40.806285333590125
21,F,Branca,8,Construcao,Norte,36.721966148644356
53,F,Amarela,1,Servicos,Nordeste,15.970801952333701
23,F,Indigena,14,Servicos,Sudeste,68.0320480402354
48,M,Parda,4,Servicos,Sudeste,23.490156696089457
36,M,Indigena,3,Comercio,Sudeste,35.58700498681574
61,F,Preta,19,Comercio,Norte,67.17408617473137
56,F,Parda,3,Industria,Sul,32.277509234061334
44,F,Amarela,17,Industria,Nordeste,61.358808904352394
27,F,Parda,3,Servicos,Sudeste,34.477333216152815
43,F,Indigena,16,Construcao,Nordeste,55.63582821268312
36,F,Branca,11,Industria,Norte,36.528277448933125
56,M,Parda,16,Industria,Sul,74.04302572362637
20,F,Amarela,9,Comercio,Norte,34.91911612470715
62,M,Preta,0,Construcao,Nordeste,18.76935084174526
30,M,Branca,17,Servicos,Sul,75.60851148426876
45,F,Preta,17,Industria,Sul,58.80826854743339
37,F,Parda,13,Construcao,Norte,52.41294538583554
45,M,Indigena,14,Construcao,Sudeste,56.06063146122265
25,F,Indigena,11,Servicos,Nordeste,44.006983866133766
58,F,Amarela,3,Construcao,Centro-Oeste,23.793673792305732
56,M,Indigena,2,Construcao,Centro-Oeste,13.318668831318384
18,M,Branca,19,Construcao,Norte,60.68697774307739
20,M,Indigena,11,Industria,Nordeste,51.30643735447883
30,F,Amarela,6,Servicos,Nordeste,36.717147131508774
45,M,Parda,10,Construcao,Norte,43.02416253603659
42,F,Parda,0,Construcao,Nordeste,14.498740751077358
50,M,Indigena,5,Industria,Sudeste,33.234544966181254
55,M,Preta,14,Servicos,Norte,66.93950031496789
23,M,Parda,14,Comercio,Sudeste,55.757884533235014
61,F,Indigena,18,Industria,Nordeste,67.11105255280908
62,F,Amarela,10,Servicos,Norte,53.316180864852385
49,M,Indigena,1,Construcao,Nordeste,14.01577109092456
62,M,Parda,13,Servicos,Norte,66.19273510698136
64,M,Amarela,1,Servicos,Nordeste,14.29723154153974
38,F,Indigena,3,Servicos,Sudeste,38.73785278667679
33,M,Branca,16,Comercio,Sudeste,61.52394649628815
38,F,Amarela,2,Servicos,Nordeste,19.703807513048307
28,M,Branca,12,Comercio,Norte,35.61993897290233
54,M,Preta,8,Construcao,Centro-Oeste,36.15123169573384
53,M,Amarela,6,Comercio,Sudeste,31.92116081383869
52,M,Branca,14,Construcao,Sudeste,56.794121927759164
36,M,Parda,10,Construcao,Centro-Oeste,41.49613420526672
37,M,Parda,19,Comercio,Nordeste,73.38674968683743
35,F,Preta,1,Industria,Norte,16.245620108403756
64,M,Amarela,14,Agricultura,Nordeste,58.726059920406676
58,F,Amarela,13,Servicos,Sul,51.78688366692663
31,M,Amarela,19,Agricultura,Sudeste,66.63547546238361
32,M,Preta,10,Servicos,Sul,59.63235011010788
48,F,Amarela,2,Servicos,Sudeste,22.94879379142052
18,M,Parda,16,Construcao,Sudeste,71.89724951234376
20,F,Branca,11,Servicos,Sul,46.7416328067148
33,F,Parda,20,Servicos,Sul,74.97372761686103
40,M,Parda,14,Comercio,Nordeste,60.42219096137958
28,F,Branca,15,Agricultura,Sul,64.99135453163194
29,F,Parda,4,Comercio,Nordeste,22.015124638325474
27,M,Preta,19,Servicos,Nordeste,67.11054167887076
49,F,Branca,5,Construcao,Nordeste,27.54447730886672
33,M,Parda,18,Comercio,Sudeste,71.38774516939272
25,M,Indigena,4,Comercio,Sudeste,34.54782212121853
55,M,Parda,2,Industria,Sul,26.22537915396491
29,M,Preta,0,Servicos,Sudeste,25.193317788138923
41,F,Amarela,5,Construcao,Sul,40.75015839362565
45,M,Parda,14,Comercio,Sudeste,61.887857673588705
25,M,Amarela,1,Comercio,Norte,17.66991713602867
45,F,Indigena,2,Construcao,Norte,9.886535049459592
53,M,Parda,16,Servicos,Sul,52.37561917902562
43,M,Branca,11,Industria,Sudeste,53.290254375381004
25,F,Amarela,17,Comercio,Sudeste,63.03105461231476
45,F,Indigena,14,Industria,Nordeste,49.51130395051154
45,F,Branca,11,Agricultura,Centro-Oeste,45.661181225118064
54,F,Branca,15,Servicos,Sul,63.11757762481855
58,F,Branca,7,Agricultura,Centro-Oeste,41.32668150380339
53,F,Branca,13,Agricultura,Centro-Oeste,51.27666520955387
44,F,Parda,16,Agricultura,Sul,57.598460289578995
34,M,Parda,20,Servicos,Sudeste,84.02099743375574
26,F,Parda,7,Servicos,Sul,36.417213550322785
50,F,Indigena,14,Construcao,Centro-Oeste,56.35922010203384
37,F,Indigena,13,Industria,Sudeste,50.975535762843194
30,M,Indigena,17,Industria,Norte,57.30103868701538
45,M,Preta,19,Construcao,Sul,73.10500938111417
65,F,Indigena,6,Construcao,Sul,36.6769718612621
46,F,Parda,2,Agricultura,Sudeste,26.998962212200997
30,F,Parda,11,Construcao,Norte,40.788125480141545
63,M,Preta,20,Comercio,Norte,62.541841297377616
52,M,Preta,2,Industria,Sudeste,24.24335669846967
23,F,Indigena,19,Construcao,Nordeste,68.72291080286288
35,M,Amarela,13,Comercio,Sul,52.815743524541354
22,F,Preta,14,Comercio,Sul,52.36169958491271
64,M,Branca,13,Comercio,Centro-Oeste,59.99825903543562
42,M,Parda,6,Comercio,Sudeste,32.56816063644646
19,F,Branca,16,Agricultura,Centro-Oeste,45.8231806905426
27,F,Parda,11,Comercio,Centro-Oeste,41.076213282847036
47,F,Parda,19,Agricultura,Norte,63.93495629250758
62,F,Preta,3,Agricultura,Sul,22.04252208148047
22,M,Preta,8,Comercio,Centro-Oeste,33.98772926460786
50,M,Branca,5,Industria,Norte,32.9490338834807
18,M,Parda,15,Comercio,Sudeste,59.104268630593104
35,F,Branca,20,Comercio,Centro-Oeste,70.04188643611742
49,M,Amarela,20,Comercio,Sul,86.76044619109254
64,F,Branca,1,Industria,Centro-Oeste,16.422726830654618
28,M,Indigena,7,Servicos,Sudeste,42.63009180786801
38,F,Branca,10,Servicos,Centro-Oeste,40.50471982440519
43,F,Indigena,12,Agricultura,Sul,45.681841680678154
42,M,Indigena,16,Agricultura,Norte,56.330554079493375
39,F,Indigena,7,Industria,Sul,33.40744857086987
44,F,Amarela,20,Construcao,Norte,71.43685478528275
30,M,Branca,17,Servicos,Nordeste,78.29445472020453
50,F,Branca,17,Agricultura,Sul,61.30373938234495
51,F,Amarela,13,Servicos,Sul,55.02024816630722
58,F,Parda,14,Industria,Sudeste,58.78126192133251
52,M,Preta,5,Industria,Centro-Oeste,32.61479309225849
18,M,Branca,10,Construcao,Norte,41.74130487172871
38,F,Preta,12,Construcao,Norte,53.8645747636887
65,M,Amarela,0,Industria,Sudeste,8.24164757678875
23,F,Parda,5,Agricultura,Sudeste,15.43842077882596
45,F,Parda,8,Servicos,Centro-Oeste,35.824730967939104
34,F,Parda,7,Comercio,Centro-Oeste,38.263801125262255
22,F,Amarela,10,Construcao,Sul,33.24611181036642
48,F,Indigena,18,Comercio,Nordeste,46.114205961837456
22,M,Indigena,8,Agricultura,Centro-Oeste,38.46707643731525
55,F,Preta,16,Construcao,Sudeste,65.86194334221629
20,M,Indigena,11,Comercio,Centro-Oeste,36.658749559203414
40,M,Indigena,13,Agricultura,Norte,45.28676239567442
54,F,Parda,14,Servicos,Nordeste,50.861537682191944
54,F,Parda,15,Agricultura,Sul,61.143211904843646
27,M,Preta,19,Construcao,Norte,62.682108342901955
27,M,Branca,0,Industria,Norte,16.204383513853116
36,M,Preta,9,Servicos,Nordeste,25.39224002257365
34,F,Preta,7,Comercio,Sul,30.538888809233203
38,M,Amarela,17,Construcao,Sudeste,60.40367623453369
31,F,Amarela,0,Industria,Sul,14.181955929765046
26,F,Preta,1,Agricultura,Centro-Oeste,10.69171344905917
63,F,Preta,0,Industria,Norte,20.3470626793746
18,M,Preta,0,Construcao,Centro-Oeste,5.0
62,F,Indigena,8,Construcao,Sudeste,43.112948857984506
30,F,Amarela,12,Industria,Centro-Oeste,48.550018539270226
21,F,Preta,0,Agricultura,Sul,25.659884619371727
18,F,Parda,12,Industria,Centro-Oeste,40.869404173439136
57,F,Parda,19,Construcao,Sudeste,74.9867516261151
49,M,Indigena,6,Construcao,Sudeste,26.8568232446258
51,F,Indigena,1,Comercio,Sudeste,7.568262774121859
45,F,Branca,5,Comercio,Sul,36.4686462546902
48,M,Branca,6,Servicos,Sudeste,40.52663823811157
25,F,Branca,13,Construcao,Norte,54.471076138790536
56,M,Indigena,17,Comercio,Sudeste,61.079582666181494
43,F,Indigena,14,Industria,Centro-Oeste,55.47941283717252
51,M,Indigena,1,Agricultura,Centro-Oeste,30.13290704326312
20,M,Parda,9,Industria,Centro-Oeste,40.118233650143594
29,F,Indigena,11,Agricultura,Sul,47.939489033546295
18,F,Parda,16,Comercio,Centro-Oeste,55.01133648494609
61,F,Branca,7,Servicos,Sul,32.49471125724453
22,M,Branca,10,Industria,Sul,52.77343761426209
47,M,Branca,2,Industria,Sudeste,22.574854161169608
47,M,Preta,5,Industria,Norte,32.666899538298104
34,F,Preta,8,Agricultura,Sudeste,30.101794160572474
65,M,Amarela,5,Comercio,Sudeste,29.723242012953314
64,M,Amarela,8,Industria,Sul,52.69052439533341
40,F,Amarela,6,Industria,Sul,31.516186266252937
32,M,Preta,8,Servicos,Centro-Oeste,47.95965285625526
54,M,Preta,17,Servicos,Centro-Oeste,66.6106160456489
38,F,Amarela,11,Comercio,Sudeste,37.308613362252856
31,M,Amarela,7,Comercio,Nordeste,38.67240559839031
19,F,Indigena,7,Construcao,Nordeste,26.340646093466347
28,F,Amarela,17,Servicos,Centro-Oeste,66.15213288110226
56,F,Indigena,19,Construcao,Nordeste,68.07126520524048
55,F,Parda,14,Agricultura,Centro-Oeste,44.54129063234278
51,F,Preta,6,Construcao,Sul,35.90576859222342
55,M,Amarela,10,Industria,Sudeste,62.7773388529168
51,M,Preta,19,Construcao,Norte,72.27791875108674
35,F,Preta,15,Comercio,Sudeste,58.854893481967224
47,F,Preta,3,Agricultura,Centro-Oeste,28.492060411741384
32,M,Parda,5,Industria,Centro-Oeste,29.104010791218666
44,F,Branca,2,Construcao,Sudeste,25.137205381576766
51,F,Amarela,8,Agricultura,Centro-Oeste,29.97024896704538
55,F,Branca,9,Agricultura,Nordeste,41.203088154737586
50,M,Branca,13,Industria,Nordeste,58.61266049850167
41,M,Branca,10,Construcao,Centro-Oeste,37.903627087399855
32,F,Preta,17,Agricultura,Centro-Oeste,67.98697492748168
47,F,Indigena,11,Agricultura,Nordeste,43.88976385512924
59,M,Preta,11,Servicos,Centro-Oeste,45.55338293076875
34,M,Preta,12,Agricultura,Centro-Oeste,53.66579246152146
22,F,Branca,12,Servicos,Sudeste,50.51923458557038
46,F,Preta,18,Construcao,Norte,68.47708932491665
21,M,Branca,18,Construcao,Nordeste,61.16944820644878
27,M,Indigena,13,Construcao,Sudeste,54.28104313882058
34,M,Amarela,3,Comercio,Norte,25.441361226005746
27,F,Branca,12,Construcao,Centro-Oeste,46.58538234554003
34,M,Indigena,7,Agricultura,Centro-Oeste,21.70680931728957
37,F,Amarela,20,Industria,Sudeste,66.71253755943364
41,M,Parda,18,Servicos,Centro-Oeste,73.89645990874489
22,M,Branca,11,Comercio,Sul,46.64718046659071
51,M,Branca,17,Construcao,Sudeste,65.57761218337147
23,M,Parda,5,Construcao,Norte,18.608555908455152
19,F,Parda,17,Industria,Sudeste,56.40158207234491
30,F,Branca,18,Industria,Nordeste,49.86920816022831
60,M,Parda,4,Comercio,Sudeste,32.792315687790804
60,F,Preta,8,Servicos,Centro-Oeste,37.00937451651372
65,M,Amarela,2,Construcao,Centro-Oeste,17.600472654088108
28,M,Amarela,9,Comercio,Sul,42.151259448992285
64,M,Amarela,18,Agricultura,Sul,74.26382378511643
40,M,Preta,2,Agricultura,Sul,36.95918759325967
33,F,Parda,14,Comercio,Norte,42.08869948262071
48,M,Indigena,0,Construcao,Sul,26.71628625980313
28,M,Parda,6,Comercio,Norte,35.99860936609043
33,F,Branca,11,Construcao,Sul,42.085443563739794
25,M,Amarela,16,Industria,Norte,59.01941572751618
21,M,Parda,20,Comercio,Sudeste,70.7742005039743
57,M,Indigena,19,Construcao,Sudeste,76.15413148251243
21,F,Branca,4,Comercio,Centro-Oeste,30.774786080427305
42,M,Preta,3,Comercio,Norte,27.073637395787877
20,F,Preta,11,Construcao,Nordeste,44.25165023940065
49,M,Indigena,19,Construcao,Centro-Oeste,66.49814408027214
20,M,Branca,17,Servicos,Sudeste,59.09566001045399
44,F,Amarela,16,Comercio,Norte,56.82919073675755
46,M,Parda,18,Agricultura,Sul,77.15964892918349
49,M,Branca,8,Comercio,Nordeste,29.116992860462116
36,F,Preta,3,Comercio,Sudeste,19.38946379093983
38,F,Indigena,20,Construcao,Centro-Oeste,69.3176064174044
22,F,Indigena,1,Comercio,Norte,7.532071290916427
35,F,Parda,3,Comercio,Nordeste,15.844859317308721
45,F,Indigena,1,Agricultura,Norte,13.658408509630936
59,M,Indigena,14,Construcao,Sul,52.08629557485909
39,F,Branca,1,Comercio,Centro-Oeste,9.63526892270179
38,M,Amarela,3,Industria,Norte,27.18056750072385
23,M,Parda,5,Servicos,Sudeste,26.915781306614214
18,M,Branca,6,Agricultura,Centro-Oeste,19.37276719303097
22,F,Amarela,9,Comercio,Sudeste,37.05985012279664
58,F,Branca,18,Industria,Norte,69.75173301505907
29,M,Branca,18,Comercio,Centro-Oeste,62.69846915201866
43,F,Indigena,11,Comercio,Sudeste,46.172513531306286
63,F,Amarela,2,Construcao,Sul,25.426152785093638
51,F,Parda,12,Construcao,Sul,41.245755402842086
31,F,Parda,17,Construcao,Norte,62.288233922650186
43,M,Amarela,7,Industria,Centro-Oeste,37.06061018842186
62,M,Indigena,20,Comercio,Nordeste,70.98414915542567
44,F,Preta,14,Servicos,Centro-Oeste,61.515547070778496
26,M,Branca,0,Agricultura,Sul,10.355023406281768
43,F,Indigena,2,Construcao,Sudeste,30.527453959521413
64,F,Amarela,7,Construcao,Nordeste,36.20696199357151
39,M,Branca,3,Comercio,Norte,21.060684460730958
64,M,Parda,15,Comercio,Nordeste,59.56075818779013
47,M,Preta,9,Industria,Norte,40.196411405134356
60,F,Parda,11,Industria,Nordeste,53.3216973785063
65,M,Amarela,13,Construcao,Norte,47.73992523517392
34,F,Branca,13,Comercio,Norte,43.904884565120405
43,M,Amarela,1,Servicos,Nordeste,27.17781735243488
53,M,Branca,4,Agricultura,Nordeste,23.986790388896843
18,F,Indigena,4,Comercio,Norte,26.76319846398955
25,F,Preta,5,Comercio,Sul,39.19661589805226
52,F,Indigena,12,Industria,Nordeste,45.429229838350196
32,F,Indigena,8,Agricultura,Centro-Oeste,38.328173959451824
64,F,Amarela,14,Construcao,Sudeste,52.95784631196084
39,F,Preta,13,Comercio,Norte,53.60839978840686
31,F,Branca,6,Construcao,Norte,29.7165439159206
43,F,Branca,19,Comercio,Sudeste,74.19822969296129
45,M,Parda,1,Construcao,Sul,18.326567567787627
40,F,Branca,6,Agricultura,Sudeste,24.63349950659696
31,F,Amarela,5,Industria,Nordeste,28.739512388497026
41,M,Indigena,16,Agricultura,Sudeste,52.33958108512327
19,F,Indigena,1,Servicos,Norte,14.17589704654479
62,M,Indigena,2,Industria,Sudeste,33.687091198519816
43,M,Preta,4,Agricultura,Centro-Oeste,27.511386415238217
31,F,Branca,4,Servicos,Nordeste,37.610055868738876
24,M,Amarela,0,Comercio,Sudeste,24.03065491549064
20,F,Preta,7,Comercio,Norte,26.07660967004654
64,M,Parda,11,Construcao,Nordeste,48.64388027910863
40,M,Amarela,3,Industria,Norte,22.915775784733384
63,M,Amarela,12,Comercio,Sul,45.66693941992323
60,F,Amarela,14,Industria,Centro-Oeste,48.757606501093875
64,F,Indigena,10,Comercio,Sul,44.31543455812084
62,M,Amarela,9,Construcao,Centro-Oeste,30.42267698286438
35,M,Branca,2,Agricultura,Sudeste,25.084960809509855
55,F,Amarela,13,Construcao,Nordeste,49.50556893208176
52,F,Indigena,15,Servicos,Sudeste,54.20263659213056
32,M,Amarela,9,Comercio,Centro-Oeste,41.46527719166399
42,M,Parda,9,Servicos,Centro-Oeste,47.535236468145754
54,F,Parda,11,Servicos,Centro-Oeste,49.64220687318934
45,F,Indigena,8,Industria,Norte,33.855590948746176
27,F,Branca,0,Comercio,Nordeste,14.788652910511129
56,F,Branca,4,Servicos,Sudeste,38.00132216286015
34,F,Preta,19,Agricultura,Sudeste,72.12442141831814
56,M,Indigena,7,Servicos,Sul,38.37232649739143
39,F,Amarela,10,Agricultura,Centro-Oeste,42.33960459306709
43,M,Indigena,11,Industria,Centro-Oeste,53.13288390495287
61,F,Preta,0,Servicos,Centro-Oeste,14.74022564832962
42,M,Indigena,19,Construcao,Sudeste,85.82763603479458
34,F,Indigena,10,Industria,Sul,40.926214396087694
30,F,Preta,4,Agricultura,Norte,22.994442080040816
37,M,Branca,14,Industria,Nordeste,49.60508642396198
42,M,Amarela,4,Servicos,Norte,30.579625015521565
21,F,Preta,11,Comercio,Sudeste,35.866669844188344
27,F,Parda,4,Comercio,Centro-Oeste,19.16374920709967
20,F,Branca,16,Agricultura,Nordeste,48.64727279790859
58,F,Parda,16,Agricultura,Sudeste,65.57203008735374
62,F,Branca,11,Comercio,Sudeste,57.20668425305344
35,M,Amarela,14,Agricultura,Sudeste,62.2760371226873
64,M,Amarela,14,Industria,Nordeste,42.65004383484664
53,F,Indigena,5,Construcao,Nordeste,40.612417917567285
64,M,Parda,11,Construcao,Sul,54.251679643725204
39,M,Branca,19,Industria,Sul,67.22100515704199
51,M,Amarela,17,Construcao,Norte,64.66276751394564
64,F,Preta,13,Servicos,Nordeste,56.137138935016154
25,M,Amarela,1,Industria,Nordeste,11.79890769829062
57,F,Preta,8,Agricultura,Nordeste,38.42750000405245
61,M,Branca,4,Industria,Sul,28.87516627427815
36,F,Amarela,19,Comercio,Sudeste,68.09382804385986
59,M,Amarela,0,Agricultura,Centro-Oeste,12.962325185469492
58,F,Branca,2,Comercio,Sul,15.963972261562086
54,F,Amarela,5,Agricultura,Nordeste,29.355018821292305
23,M,Preta,4,Construcao,Sul,31.47179661909803
43,F,Amarela,20,Industria,Norte,72.24930157645824
51,F,Parda,4,Servicos,Nordeste,33.23955151581141
62,F,Indigena,0,Agricultura,Norte,17.386041260089208
23,F,Preta,16,Agricultura,Nordeste,52.36364701069857
54,F,Parda,18,Comercio,Sul,73.91798318658712
50,F,Branca,13,Construcao,Sudeste,47.25489476094839
39,F,Preta,11,Comercio,Centro-Oeste,38.07597170492512
38,F,Indigena,9,Comercio,Norte,31.97479957146053
23,M,Indigena,19,Construcao,Sul,76.44033635483585
23,M,Branca,20,Servicos,Sudeste,82.41673108484046
65,F,Branca,17,Comercio,Sul,70.32383142226996
21,F,Preta,10,Comercio,Norte,44.95157919127078
47,M,Amarela,1,Agricultura,Centro-Oeste,13.164303305528072
28,M,Branca,17,Construcao,Sul,67.05157071916588
47,M,Amarela,6,Industria,Nordeste,31.688953429701012
48,F,Parda,14,Servicos,Sudeste,66.04129262330947
41,M,Indigena,10,Servicos,Sul,49.22865460468682
26,F,Amarela,17,Construcao,Sudeste,61.41034266953951
20,F,Indigena,11,Agricultura,Nordeste,44.445451111365934
48,M,Amarela,5,Agricultura,Centro-Oeste,35.01701500314739
57,F,Parda,19,Construcao,Centro-Oeste,64.02992883091918
54,F,Branca,12,Agricultura,Nordeste,47.71354597188574
53,F,Parda,19,Servicos,Sudeste,69.20935619815009
41,F,Branca,15,Servicos,Sul,46.93163389504237
48,M,Branca,17,Industria,Nordeste,64.56275778848237
23,M,Indigena,9,Construcao,Norte,41.613432137527795
19,F,Parda,7,Comercio,Sudeste,36.45240085452035
37,F,Amarela,17,Comercio,Centro-Oeste,48.34262969347379
45,M,Parda,20,Industria,Nordeste,69.29490341954116
28,F,Indigena,0,Industria,Centro-Oeste,5.0
21,M,Branca,7,Agricultura,Sudeste,45.338206645925105
32,F,Indigena,5,Industria,Centro-Oeste,19.323672507291484
23,F,Preta,4,Industria,Nordeste,29.49242165675938
47,M,Preta,14,Comercio,Sudeste,65.51521786210488
55,M,Amarela,14,Agricultura,Norte,50.39645788478363
19,M,Indigena,1,Industria,Nordeste,8.283290292393527
32,M,Amarela,0,Industria,Sul,19.942221298318028
28,F,Amarela,10,Agricultura,Nordeste,34.29405577690157
25,M,Preta,9,Construcao,Sudeste,43.81490785294925
43,F,Amarela,17,Agricultura,Nordeste,57.863034455158484
62,M,Preta,17,Comercio,Norte,54.35304951320619
61,M,Branca,16,Construcao,Norte,48.73719188525324
22,F,Indigena,7,Servicos,Sul,38.60010549096758
23,M,Amarela,14,Agricultura,Centro-Oeste,48.59065352201624
43,M,Preta,7,Comercio,Sudeste,36.441461098515205
21,M,Parda,16,Construcao,Sudeste,66.4951830345627
36,M,Amarela,11,Agricultura,Centro-Oeste,52.16065365979467
37,F,Branca,7,Industria,Norte,30.404731671829143
